Time (ms),Roll (deg),Pitch (deg),Yaw (deg),Roll Rate (deg/s),Pitch Rate (deg/s),Yaw Rate (deg/s),x_acceleration (ms-2),y_acceleration (ms-2),z_acceleration (ms-2),Velocity (ms-1),Altitude (m),Temperature (C),State Detection,Pitch Response,Yaw Response,Relay State
123851,7.2,-0.79,-0.41,-7.16,-3.58,-3.58,-0.34,-0.41,0,-0.13,0.35,20.6,Preflight,90,90,
123917,7.2,-0.79,-0.41,0,0,3.58,-0.36,-0.41,-0.02,-0.03,0.38,20.6,,90,90,
123985,7.2,-0.79,-0.41,0,3.58,0,-0.35,-0.43,-0.01,0.01,0.4,20.6,,90,90,
124050,7.2,-0.79,-0.41,7.16,-7.16,3.58,-0.35,-0.42,-0.02,-0.1,0.35,20.6,,90,90,
124115,7.2,-0.79,-0.41,-10.74,-3.58,0,-0.4,-0.42,-0.04,-0.06,0.36,20.6,,90,90,
124180,7.2,-0.79,-0.41,-14.32,-10.74,7.16,-0.35,-0.43,0.08,1.02,0.84,20.6,,90,90,Igniter Activated
124242,7.85,-0.93,-0.35,1983.87,-705.45,304.38,-2.02,1.48,29.72,1.75,1.21,20.6,,88,91,
124307,13.3,-0.81,0.51,7570.2,981.19,698.29,-2.42,-0.45,29.72,2.02,1.45,20.6,,90,93,
124467,41.6,1.11,3.61,9822.64,1704.55,2556.82,-0.42,0.76,29.9,2.26,2.03,20.6,Launch Detected,95,100,
124536,50.83,2.19,7.74,8064.38,1926.57,4898.79,3.22,-1.31,29.68,3.68,2.86,20.6,,99,112,
124600,58.97,2.83,14.9,5328.51,1815.56,6449.36,9.24,-3.55,28.53,5.56,3.92,20.6,,102,116,
124665,63.87,3,22.17,3770.78,1611.44,7269.4,16.07,-4.87,26.11,7.78,5.27,20.6,,103,116,
124731,68.71,2.28,31.42,4447.58,1113.69,7917.56,23.86,-6.16,21.57,10.29,6.91,20.6,,103,116,
124795,72.68,0.57,39.38,3677.67,612.35,7566.62,30.14,-7.53,15.95,13.24,8.87,20.5,,100,116,
124862,75.22,-1.1,47.75,1890.76,139.66,6657.05,35.73,-7.29,9.03,15.89,10.97,20.6,,97,116,
124926,76.07,-2.26,54.05,1683.06,-315.13,5926.53,38.31,-7.72,3.84,18.61,13.18,20.6,,94,116,
124992,76.4,-4.22,60.74,1389.42,-970.45,5439.52,40.09,-7.74,-1.53,21.35,15.64,20.6,,89,116,
125056,75.28,-4.68,66.06,-1922.99,-1310.64,4827.17,41.72,-8.87,-8.19,23.81,18.09,20.6,,86,116,
125122,72.7,-3.3,71.6,-1901.5,-1808.4,4171.85,41.33,-11.49,-13.48,24.66,20.04,20.5,,84,116,
125195,68.11,0.62,75.77,-6947.11,-3208.56,2653.51,12.16,-6.71,-28.42,24.91,21.96,20.6,,82,116,Igniter Deactivated
125262,61.42,11.26,76.68,-7978.44,-3484.3,-229.18,-2.38,-2.28,-28.16,24.64,23.51,20.6,,86,116,
125327,-0.49,-3.23,52.91,-3.58,-3.58,-13192.35,-10.33,0.51,-20.35,23.81,24.74,20.6,Burnout Detected,76,116,
125396,20.9,1.66,52.32,-7111.84,-25489.46,-3237.21,-19.4,-7.85,-14.74,23.95,26.45,20.6,,71,116,
125461,-1.96,-13.21,56.1,6080.51,-26982.73,5801.2,-17.12,-0.28,-18.74,25.01,28.48,20.6,,71,116,
125530,-33.66,-45.12,80.04,22921.89,-34484.89,3860.3,-20.91,2.43,-19.08,20,27.84,20.6,,71,116,
125596,-107.3,-51.3,138.41,14624.75,-39279.84,-5837.01,-22.55,2.99,-25.73,13.8,26.36,20.6,,71,116,
125660,-150.21,-22.51,150.63,12902.29,-36024.72,-21410.72,-17.18,6.88,-24.93,10.58,25.83,20.6,,71,116,
125726,179.78,-8.61,131.29,13256.81,-11906.78,-20959.51,-11.86,3.9,-18.95,8.18,25.44,20.6,,71,116,
125791,177.22,-21.22,120.49,9367.86,16404.5,-598.02,-9.81,6.24,-17.22,5.69,24.87,20.6,,71,116,
125858,-157.14,-39.11,123.62,-1840.63,25754.45,23935.31,-20.61,21.61,-27.38,4.16,24.55,20.6,,71,116,
125923,-134.88,-44.13,132.45,-5138.71,-4132.46,11709.82,-27.49,8.35,-25.08,3.48,24.52,20.6,,71,116,
125988,-139.74,-32.68,141.17,-3000.87,-12311.43,-1575.63,-15.25,5.35,-20.95,3.16,24.6,20.6,Apogee Detected,71,116,Nichrome Wire Heating ON
126861,-131.46,15.17,9.3,-805.72,11956.91,-3588.15,-1.68,0.18,-6.18,2.73,24.79,20.5,,75,103,
126926,-131.02,28.44,9.06,-2341.96,13632.81,2621.28,-2.1,-0.16,-5.78,2.56,24.89,20.5,,118,107,
127009,-131.32,46.91,16.32,-3892.53,12071.5,9099.29,-4.15,-0.98,-4.33,2.26,24.93,20.5,,139,116,
127074,-132.42,59.56,28.2,-4923.86,6997.25,12003.47,-5.72,-1.11,-4.99,1.86,24.91,20.5,,139,116,
127140,-138.57,65.27,34.52,-5346.41,-207.7,10470.8,-5.42,-0.22,-6.02,1.51,24.87,20.5,,139,116,
127206,-155.97,65.51,28.64,-4920.27,-5854.91,6134.23,-5.29,0.67,-5.94,1.15,24.8,20.5,,139,116,
127271,-172,59.44,17.28,-3684.83,-10101.96,-440.46,-5.01,1.22,-5.24,0.5,24.59,20.5,,131,116,
127341,177.55,47.38,4.83,-2263.18,-11308.75,-7161.97,-4.9,0.9,-3.59,-0.06,24.36,20.5,,101,115,
127407,175.16,35.4,-8.09,-1156.66,-8458.29,-11545.1,-4.43,-0.29,-2.29,-0.38,24.21,20.6,,80,78,
127470,175.49,29.94,-20.38,-948.96,-1983.87,-12085.83,-3.16,-1.39,-3.16,-0.65,24.07,20.6,,80,65,
127536,173.8,29.78,-33.92,-1224.7,2871.95,-8812.81,-2.36,-1.27,-4.71,-0.98,23.88,20.6,,92,65,
127600,168.41,33.17,-41.2,-1751.1,6556.79,-1708.13,-2.21,-1.38,-4.66,-1.51,23.58,20.5,,113,65,
127668,158.72,37.51,-43.09,-3015.19,7330.28,6696.44,-3.48,-1.48,-3.77,-1.99,23.26,20.6,,132,65,
127732,149.57,39.77,-38.33,-4562.18,4383.13,13188.77,-5.35,-1.81,-2.28,-2.75,22.8,20.6,,139,70,
127798,141.3,38.25,-26.99,-5575.6,-812.88,14123.41,-6.16,0.09,-0.99,-3.32,22.36,20.6,,135,105,
127861,136.54,32.56,-17.28,-5425.19,-5729.58,10546,-4.52,1.47,-1.04,-3.96,21.87,20.6,,116,116,
127924,133.26,23.81,-11.81,-4028.61,-8880.85,3047.42,-3.24,1.68,-0.64,-4.38,21.44,20.6,,92,116,
127993,131.4,13.12,-12.73,-2105.62,-7101.1,-4322.25,-2.53,0.97,0.2,-4.66,21.01,20.6,,73,108,
128059,131.33,7.67,-20.1,-483.43,-1367.94,-7459.19,-2.37,0.07,-0.37,-4.75,20.66,20.6,Descent Detected,71,82,
128128,129.82,11.38,-28.5,605.19,7029.48,-5346.41,-3,0.16,-0.75,-4.74,20.33,20.6,,93,65,
128192,124.86,20.52,-31.83,479.85,11785.03,734.1,-3.45,0.54,-0.77,-4.93,19.95,20.6,,125,65,
128258,117,32.81,-29.02,50.13,10968.56,8694.63,-5.48,2.43,0.92,-5.23,19.49,20.6,,139,81,
128325,111.86,39.99,-21.35,-1181.73,4365.22,11154.77,-4.26,3.89,-0.23,-5.56,18.99,20.6,,139,106,
128391,109.15,40.49,-11.5,-1607.86,-2410,8017.83,-2.41,4.46,-1.19,-5.78,18.52,20.6,,139,116,
128455,108.3,34.73,-6.98,-1346.45,-7269.4,2707.23,-1.52,3.96,-1.05,-5.95,18.08,20.6,,126,116,
128519,108.36,26.11,-7.7,-472.69,-8644.5,-4010.7,-1.66,3.77,0.71,-6.34,17.53,20.6,,101,108,
128583,109.81,17.98,-13.89,279.32,-4687.51,-6757.32,-1.99,2.37,0.64,-6.7,16.96,20.6,,87,84,
128647,110.74,16.91,-19.63,719.78,2560.41,-3853.14,-2.06,1.74,-0.31,-6.72,16.53,20.6,,95,71,
128717,109.04,23.16,-21.75,694.71,7888.91,1425.23,-2.13,2.09,-0.74,-6.66,16.08,20.6,,118,72,
128781,105.41,33.33,-17.16,82.36,8780.58,8053.64,-2.78,4.13,1,-6.75,15.62,20.6,,139,92,
128845,103,39.65,-9.06,-787.82,4461.91,9586.3,-1.61,4.99,-0.13,-6.58,15.26,20.6,,139,114,
128911,101.11,40.54,-2.16,-1443.14,-2460.14,5521.88,-0.48,4.93,-0.54,-6.6,14.82,20.6,,139,116,
128974,99.2,34.7,-0.16,-1081.46,-7029.48,-229.18,0.21,4.8,0.33,-6.93,14.26,20.6,,120,116,
129043,98.97,25.02,-5.43,-136.08,-7913.98,-6574.69,-0.6,3.99,1.98,-7.05,13.72,20.6,,97,95,
129107,99.8,19.59,-12.16,14.32,-3165.59,-6495.91,-1.05,2.47,0.53,-6.98,13.3,20.6,,89,75,
129171,99.85,19.7,-16.41,565.8,3187.08,-1521.92,-0.93,2.25,-2.21,-7.03,12.83,20.6,,99,69,
129233,98.44,25.71,-15.42,10.74,6778.81,4214.82,-0.65,2.25,-1.08,-7.03,12.4,20.6,,119,80,
129298,95.97,32.78,-9.37,-952.54,7183.46,8970.37,-0.52,3.77,0.33,-7.04,11.94,20.6,,138,102,
129369,92.8,38.77,0.39,-1962.38,3176.33,9496.78,0.66,5.19,0.39,-7.01,11.45,20.6,,139,116,
129432,90.31,39.27,6.35,-1589.96,-2513.85,4820.01,1.82,4.54,-0.53,-7.06,10.99,20.6,,137,116,
129498,87.67,33.85,7.18,-698.29,-6782.39,-741.26,2.07,4.4,0.98,-7.2,10.46,20.6,,116,116,
129562,86.59,26.14,3.26,93.11,-7674.05,-4755.55,1.67,3.99,2.66,-7.27,9.97,20.5,,96,106,
129626,86.46,19.68,-2.76,-311.55,-3165.59,-4454.75,0.9,2.54,1.74,-7.32,9.48,20.6,,87,90,
129689,85.94,19.47,-5.01,-744.85,2051.91,89.52,0.76,1.93,0.11,-7.39,8.99,20.6,,95,88,
129758,84.14,24.87,-1.35,-1393,6155.72,6238.08,1,2.47,0.62,-7.1,8.62,20.6,,114,103,
129821,82.19,31.51,5.94,-2209.47,6205.85,8913.07,1.87,2.87,0.22,-6.88,8.26,20.6,,132,116,
129885,80.23,36.49,13.44,-2442.23,2263.18,7176.3,2.95,3.1,-0.65,-6.61,7.94,20.6,,138,116,
129949,-135.36,43.39,21,-2187.98,-2975.8,3799.43,-4.49,-0.77,-1.88,-6.53,7.55,20.6,,135,116,
130014,-140.72,38.41,19.15,-2098.46,-8010.67,250.67,-5.48,-0.35,-0.14,-6.54,7.13,20.6,,114,116,
130082,-147.82,27.19,13.46,-2137.85,-11523.61,-2413.58,-5.31,0.38,2.68,-6.7,6.6,20.6,,83,116,
130147,-152.74,16.29,9.46,-1858.53,-7409.06,-741.26,-2.6,1.07,0.75,-6.89,6.09,20.6,,71,112,
130219,-154.8,12.39,9.75,-769.91,-905.99,2284.67,-0.81,1.09,-2.55,-6.92,5.57,20.5,,71,114,Ejection Charge
130282,-154.88,14.23,13.71,57.3,3742.13,4375.96,-6.2,2.14,10.59,-6.85,5.17,20.6,,84,116,
130347,-153.07,19.09,19.62,512.08,5435.94,5235.4,-1.95,1.78,-2.2,-6.68,4.8,20.6,,102,116,
130412,-149.79,23.5,26.36,1303.48,3093.97,3881.79,-3.83,2.14,0.04,-6.54,4.43,20.6,,113,116,
130479,-148.5,23.09,29.06,1117.27,-2746.62,544.31,-2.59,2.06,-1.87,-6.52,4,20.6,,107,116,
130543,-149.98,17.84,27.75,1034.91,-5876.4,-1837.05,-2.05,2.15,-1.69,-6.71,3.5,20.6,,92,116,
130608,-152.33,10.97,24.46,1009.84,-7720.61,-3401.94,-2.07,2.82,0.29,-6.96,2.95,20.6,,74,116,
130673,-154.31,2.37,20.15,1396.58,-6567.53,-3230.05,-0.67,2.74,0.34,-7.59,2.22,20.6,,71,106,
130737,-149.52,6.69,19.17,-20168.11,32493.87,-3051,-6.98,6.51,18.82,-7.08,1.95,20.6,,132,100,
130806,-132.47,31.63,23.66,25858.3,22467.11,1647.25,0.43,4.05,-8.85,-6.47,1.75,20.6,,139,109,
130873,-88.1,32.4,56.95,22656.9,18320.32,11258.62,-0.22,-0.77,-9.07,-5.9,1.58,20.6,,139,116,
130936,-65.4,16.13,81.98,21833.27,9686.57,16572.8,-1.05,-0.51,-8.18,-5.66,1.31,20.6,,139,116,
131002,-61.89,-8.28,103.53,20282.71,-268.57,17238.87,-1.59,-0.78,-9.03,-5.23,1.13,20.6,,139,116,
131066,-74.2,-24.26,122.97,18653.36,-7176.3,13722.34,-1.23,-0.54,-9.8,-4.71,1.03,20.6,,115,116,
131133,-95.95,-30.68,143.43,16683.81,-10309.66,5077.84,0.31,0.54,-9.19,-4.32,0.89,20.6,,80,116,
131196,-127.34,-41.85,167.38,25475.13,3015.19,6241.66,3.84,0.63,-6.75,-4.13,0.7,20.6,,73,116,
131263,-153.64,-45.72,-165.4,10879.04,4315.09,9754.61,2.66,-1.42,-8.06,-3.7,0.62,20.6,,74,65,
131330,-159.02,-50.31,-150.58,-9869.2,4866.56,8673.15,2.89,-3.18,-5.57,-3.3,0.56,20.6,,75,65,
131393,-128.63,-64.09,-167.79,-23161.82,8948.88,7570.2,1.68,-6.36,-0.27,-2.98,0.49,20.6,,74,65,
131458,-84.22,-73.21,157.55,16272,4440.42,3939.08,-3.95,-9.7,5.01,-2.87,0.34,20.6,,71,116,
131528,-108.91,-74.64,-174.38,204.12,-694.71,2084.13,2.74,-2.58,-4.57,-2.55,0.29,20.6,,71,65,
131591,-95.27,-73.83,172.6,-4383.13,-1034.91,-1138.75,-1.08,-2.69,3.78,-2.31,0.24,20.6,,71,116,
131657,-85.78,-71.57,162.78,-1579.21,-1181.73,-239.93,-0.32,-0.94,-0.74,-2.1,0.18,20.6,,71,116,
131722,-83.15,-70.27,159.98,-1461.04,-1024.16,-3.58,-0.37,-0.17,0.8,-1.94,0.12,20.6,,71,116,
131785,-83.43,-69.71,160.37,261.41,304.38,143.24,-0.53,-1.29,0.44,-1.86,0.03,20.6,,71,116,
131852,-84.88,-70.19,161.86,461.95,96.69,107.43,-0.2,-1.66,0.06,-1.57,0.03,20.6,,71,116,
131917,-84.74,-72.38,161.63,-85.94,-57.3,-21.49,-0.32,-1.25,-0.04,-1.44,-0.01,20.6,,71,116,
131982,-83.23,-72.59,161.04,-78.78,-17.9,21.49,-0.51,-0.93,-0.03,-1.22,-0.01,20.6,,71,116,
132044,-80.85,-73.67,159.41,-17.9,10.74,3.58,-0.36,-0.84,-0.08,-1.04,-0.01,20.6,,71,116,
132110,-79.39,-74.33,158.65,-17.9,0,-3.58,-0.36,-0.67,-0.03,-0.92,-0.02,20.6,,71,116,
132182,-77.8,-74.68,158.32,-14.32,-7.16,3.58,-0.32,-0.7,-0.07,-0.83,-0.04,20.6,,71,116,
132246,-77.32,-74.77,158.27,0,-7.16,10.74,-0.3,-0.64,-0.03,-0.8,-0.08,20.6,,71,116,
132312,-76.81,-74.87,158.24,-21.49,0,7.16,-0.34,-0.67,-0.04,-0.77,-0.12,20.6,,71,116,
132376,-76.31,-74.94,158.21,-3.58,7.16,0,-0.3,-0.68,-0.08,-0.59,-0.09,20.6,,71,116,
132441,-75.64,-75.02,158.19,-14.32,-10.74,3.58,-0.32,-0.59,0.03,-0.56,-0.11,20.6,,71,116,
132504,-75.23,-75.08,158.16,-10.74,-7.16,0,-0.31,-0.61,-0.04,-0.58,-0.16,20.6,,71,116,
132573,-74.9,-75.13,158.14,-14.32,7.16,7.16,-0.3,-0.63,-0.01,-0.42,-0.12,20.6,,71,116,
132636,-74.07,-75.23,158.15,-3.58,-3.58,0,-0.32,-0.62,-0.04,-0.23,-0.07,20.6,,71,116,
132701,-73.74,-75.28,158.12,-14.32,10.74,-3.58,-0.31,-0.62,-0.02,-0.07,-0.01,20.6,,71,116,
132765,-73.57,-75.31,158.08,0,0,0,-0.3,-0.59,-0.02,0.03,0.03,20.6,,71,116,
132830,-73.43,-75.32,158.05,7.16,7.16,-10.74,-0.3,-0.6,-0.05,0.04,0.04,20.6,,71,116,
132896,-73.25,-75.4,158.02,10.74,0,-7.16,-0.31,-0.59,-0.03,-0.06,-0.01,20.6,,71,116,
132966,-73.04,-75.44,158,0,3.58,0,-0.33,-0.61,0.29,-0.07,-0.02,20.6,,71,116,
133029,-72.89,-75.43,157.98,0,3.58,-7.16,-0.32,-0.6,0.3,0,0.01,20.6,,71,116,
133093,-72.6,-75.49,157.98,-3.58,-3.58,0,-0.32,-0.61,0.31,0.19,0.09,20.6,,71,116,
133157,-72.56,-75.51,157.96,-3.58,-7.16,3.58,-0.31,-0.59,0.31,0.13,0.08,20.6,,71,116,
133222,-72.43,-75.53,157.93,0,7.16,-7.16,-0.31,-0.57,0.32,0,0.03,20.6,,71,116,
133291,-72.24,-75.53,157.89,3.58,-7.16,3.58,-0.32,-0.58,0.31,0.02,0.04,20.6,,71,116,
133356,-72.19,-75.57,157.85,7.16,-3.58,-3.58,-0.31,-0.57,0.31,-0.05,0.01,20.6,,71,116,
133421,-72.12,-75.59,157.83,0,7.16,-7.16,-0.32,-0.58,0.3,-0.1,-0.02,20.6,,71,116,
133485,-72.07,-75.62,157.82,3.58,-7.16,-3.58,-0.32,-0.57,0.32,-0.03,0.01,20.6,,71,116,
133549,-72,-75.62,157.77,0,-3.58,0,-0.31,-0.58,0.32,0,0.02,20.6,,71,116,
133613,-71.95,-75.64,157.75,3.58,-7.16,0,-0.32,-0.56,0.33,-0.17,-0.06,20.6,,71,116,
133683,-71.93,-75.65,157.75,3.58,0,-3.58,-0.32,-0.57,0.31,-0.18,-0.07,20.6,,71,116,
133747,-71.81,-75.64,157.73,-3.58,3.58,0,-0.31,-0.58,0.3,0.01,0,20.6,,71,116,
133812,-71.83,-75.65,157.74,10.74,-10.74,-3.58,-0.3,-0.56,0.29,-0.02,-0.01,20.6,,71,116,
133876,-71.81,-75.65,157.76,3.58,0,0,-0.3,-0.52,0.31,-0.12,-0.06,20.6,,71,116,
133941,-71.78,-75.65,157.74,-3.58,0,0,-0.31,-0.6,0.3,-0.06,-0.04,20.6,,71,116,
134005,-71.77,-75.64,157.74,-7.16,0,0,-0.31,-0.57,0.3,-0.23,-0.12,20.6,,71,116,Nichrome Wire Heating OFF
134079,-71.74,-75.65,157.76,3.58,-3.58,-10.74,-0.3,-0.58,0.32,-0.24,-0.14,20.6,,71,116,
134144,-71.73,-75.65,157.76,0,-3.58,0,-0.3,-0.57,0.31,-0.32,-0.19,20.6,,71,116,
134208,-71.73,-75.65,157.76,3.58,-7.16,0,-0.31,-0.55,0.31,-0.38,-0.24,20.6,,71,116,
134274,-71.73,-75.65,157.76,0,-3.58,3.58,-0.32,-0.54,0.32,-0.3,-0.23,20.6,,71,116,
134337,-71.73,-75.65,157.76,0,-7.16,7.16,-0.31,-0.56,0.32,-0.09,-0.16,20.6,,71,116,
134406,-71.73,-75.65,157.76,-3.58,7.16,-7.16,-0.31,-0.54,0.31,-0.16,-0.19,20.6,,71,116,
134470,-71.73,-75.65,157.76,-3.58,10.74,0,-0.31,-0.55,0.32,-0.13,-0.19,20.6,,71,116,
134535,-71.73,-75.65,157.76,0,0,-7.16,-0.3,-0.57,0.3,-0.19,-0.22,20.6,Landing Detected,71,116,
134605,-71.73,-75.65,157.76,-3.58,-3.58,-3.58,-0.31,-0.56,0.33,-0.12,-0.2,20.6,,71,116,
134670,-71.73,-75.65,157.76,0,-7.16,0,-0.3,-0.56,0.29,0.02,-0.15,20.6,,71,116,
134735,-71.73,-75.65,157.76,-3.58,-3.58,-7.16,-0.32,-0.56,0.32,0.07,-0.13,20.6,,71,116,
134802,-71.73,-75.65,157.76,0,-7.16,3.58,-0.32,-0.56,0.3,0.34,0,20.6,,71,116,
134866,-71.73,-75.65,157.76,0,-7.16,0,-0.31,-0.57,0.29,0.23,-0.02,20.6,,71,116,
134931,-71.73,-75.65,157.76,3.58,-10.74,7.16,-0.31,-0.55,0.33,0.31,0.03,20.6,,71,116,
134996,-71.73,-75.65,157.76,-3.58,-3.58,3.58,-0.31,-0.56,0.3,0.1,-0.05,20.6,,71,116,
135061,-71.73,-75.65,157.76,-3.58,0,3.58,-0.31,-0.57,0.31,-0.01,-0.09,20.6,,71,116,
